author,sum(score),subreddit
mr_chromatic,3567,perl
mithaldu,2451,perl
gst,2264,perl
chorny,1232,perl
szabgab,1083,perl
None,833,perl
petdance,684,perl
brunov,491,perl
raiph,430,perl
perler2,336,perl
Arador,294,perl
OvidPerl,282,perl
kraih,260,perl
pkrumins,252,perl
perlgeek,251,perl
kimmel_,228,perl
miyagawa,161,perl
gbacon,159,perl
draxil,145,perl
adam-_-,138,perl
tsjr,127,perl
hyperforce,115,perl
chankeypathak,114,perl
bwigfield,113,perl
abw,113,perl
takadonet,111,perl
Seele,109,perl
kthakore,105,perl
toolshed,95,perl
bigpresh,94,perl
davorg,94,perl
mariuz,88,perl
mstrat,88,perl
cactus4,83,perl
gnusosa,82,perl
hashbangperl,79,perl
rblackwe,77,perl
timbunce,74,perl
philiph,71,perl
berekuk,71,perl
Laugarhraun,70,perl
Toxiktoe,70,perl
f0ad,69,perl
Mutant321,67,perl
autarch,63,perl
gpojd,62,perl
gravity,61,perl
wickedOne,59,perl
elasto,58,perl
mfontani,57,perl
cycles,57,perl
amoore,57,perl
singingfish42,56,perl
triad_entrue,56,perl
kellyjosephprice,56,perl
sebf,56,perl
sridhr,55,perl
josefonseca,54,perl
cygnus83,53,perl
boticus_prime,53,perl
vthacker03,52,perl
rodrigolive,52,perl
mpeters,52,perl
dgryski,51,perl
o0o,50,perl
buccia,49,perl
BookingEmployee,48,perl
harbud3,48,perl
uvtc,47,perl
lemonrind,46,perl
hobbified,46,perl
mp3tricord,45,perl
tatalipso,44,perl
woof404,43,perl
nonspinningrotator,43,perl
JadeNB,42,perl
moltar,42,perl
kinow,42,perl
skreak,41,perl
drzowie,41,perl
rich97,41,perl
sigzero,40,perl
flexomint,40,perl
orbiscerbus,39,perl
xdg,39,perl
ptman,39,perl
jsober,39,perl
farrbahren,38,perl
minimalist_lvb,38,perl
prakashk,37,perl
fierro999,37,perl
Athaba,36,perl
asumusicman,36,perl
granilla,36,perl
x3nu,36,perl
ta1901,35,perl
TerrorBite,35,perl
nkokkalis,35,perl
kvorg,34,perl
MonkeyFightingSnakes,34,perl
ronnienoob,34,perl
knarkmacka,33,perl
stevieb_,33,perl
perlitor,33,perl
YaTimK,33,perl
Xenofur,33,perl
expertvoice,32,perl
gugod,32,perl
centralcontrol,32,perl
zyzzogeton,31,perl
therico,31,perl
snoopy,31,perl
s2hg8th4,31,perl
stroganawful,30,perl
reini_urban,30,perl
electronics-engineer,30,perl
dbbo,30,perl
bs333,30,perl
indraniel,30,perl
eslr,29,perl
yaprog,29,perl
vb1a,29,perl
neilbowers,29,perl
imMute,29,perl
DeadPenguin,29,perl
theirfReddit,29,perl
mebrahim,29,perl
Clex-,29,perl
r_schestowitz,28,perl
EvanCarroll,28,perl
yko,28,perl
NERDcurious,28,perl
actualeyes,28,perl
chipolux,28,perl
cavemonkey,27,perl
raudssus,27,perl
clickpopclick,27,perl
beppu,27,perl
robertginko,26,perl
Potatodit,26,perl
Software_Engineer,26,perl
iihavetoes,26,perl
und3f,26,perl
PerlPoshlushnik,26,perl
EdibleEnergy,25,perl
GeorgeKaplan,25,perl
davidreiss666,25,perl
ragnoroc,25,perl
jblpz,25,perl
frezik,24,perl
-123,24,perl
KevZero,24,perl
BonChicBonScott,24,perl
tgxn,24,perl
rogulogu,23,perl
kuszi,23,perl
Puzzel,23,perl
schubart,23,perl
swills,23,perl
monkeymeat,23,perl
Zomgondo,23,perl
bart9h,23,perl
foobargorch,23,perl
stapuff6,23,perl
zrail,22,perl
mmisu,22,perl
Rhomboid,22,perl
M-Rod,22,perl
RalphMacchio,22,perl
swedegeek,22,perl
nabokovian,22,perl
sal_paradise,22,perl
davehodg,22,perl
ddelony1,21,perl
rjray,21,perl
audyyy,21,perl
matael,21,perl
cos,21,perl
Nhawdge,21,perl
yellowking,21,perl
gryftir,20,perl
hoelzro,20,perl
nerdmeister,20,perl
NegativeK,20,perl
csjewell,20,perl
olleg,20,perl
fodono,20,perl
fsjws4,20,perl
kingoftheapes,20,perl
salts,20,perl
greatidentity,19,perl
jonathansizz,19,perl
nerdtaco,19,perl
estherschindler,19,perl
shlomif,19,perl
tudorconstantin,19,perl
dynamic99,19,perl
markstos,19,perl
cydork,19,perl
Chandon,19,perl
draxter,19,perl
Kirsle,19,perl
rent0n86,19,perl
fact_hunt,18,perl
yet_another_robot,18,perl
sartak,18,perl
oylenshpeegul,18,perl
elmer_the_arse,18,perl
fatal_furry,18,perl
mr-ron,18,perl
adiabatmobile,18,perl
Znof,18,perl
Switche,18,perl
mikedoherty,18,perl
mishin,18,perl
trcjr,18,perl
morphotomy,17,perl
symkat,17,perl
Tomfluff,17,perl
vtivti,17,perl
nolandenuff,17,perl
uriel,17,perl
GravitasFreeZone,17,perl
random_idiot,17,perl
souldonkey,17,perl
f00li5h,16,perl
sukria,16,perl
jczeus,16,perl
vaidyagi,16,perl
uYKUUHNxcQ,16,perl
m_barry,16,perl
yaph,16,perl
perigrin,16,perl
cacarotov,16,perl
brondsem,16,perl
Maedhros,15,perl
bl33d,15,perl
sartakdotorg,15,perl
trg404,15,perl
jrockway,15,perl
ldieryckx,15,perl
c0t0d0,14,perl
pmz_,14,perl
gideondsouza,14,perl
thehalfwit,14,perl
literal,14,perl
yannisrizos,14,perl
mweather,14,perl
bart2019,14,perl
bbth,14,perl
three18ti,13,perl
MadClownDisease,13,perl
doom98,13,perl
hargento,13,perl
coutume1,13,perl
Diesl,13,perl
aburger,12,perl
average_drifter,12,perl
libsysguy,12,perl
Quantum_Rage,12,perl
JackS08,12,perl
mexicanseafood,12,perl
yoplayogert,11,perl
CodeBlooded,11,perl
eranchetz,11,perl
kefirfir,11,perl
pderby,11,perl
the-fritz,10,perl
BigRedS,10,perl
dave,10,perl
lskatz,10,perl
elHuron,10,perl
mitchwatts,10,perl
djpyro,10,perl
theotherdave,10,perl
fabreston,10,perl
revolet,10,perl
MrUnimportant,10,perl
GrimSophisticate,10,perl
vroomanj,10,perl
DKaine,10,perl
rude_sarcastic_fuck,9,perl
meetuprecorder,9,perl
Patterner0,9,perl
illusori,9,perl
TheAethereal,9,perl
matthewhughes,9,perl
jakeryan91,9,perl
lespaul7string,9,perl
drarkanex,9,perl
truGrog,9,perl
rilo,9,perl
nyxie,8,perl
thrivestorm,8,perl
thezeke74,8,perl
MrFluffyThing,8,perl
Hyperspace290,8,perl
spacez320,8,perl
thisindianguy,8,perl
dangoodspeed,8,perl
alnino2005,7,perl
azzid,7,perl
ARbreezy,7,perl
nhandler,7,perl
awayand,7,perl
stevan_little,7,perl
bison310,7,perl
schmendrick,7,perl
SwimmingNaked,7,perl
fadelakin,7,perl
shi4,7,perl
karavelov,7,perl
with_explosions,7,perl
punpunpun,7,perl
goose722,7,perl
GlobularSet,7,perl
junk_account123,6,perl
b1ackcr0w,6,perl
h0vnocuc,6,perl
Grauw0lf,6,perl
Boccaccio,6,perl
gms8994,6,perl
tactlesswonder,6,perl
Django1200,6,perl
minorsecond,6,perl
gatlin,6,perl
quickmoves23,6,perl
t3ddftw,6,perl
NominalAeon,6,perl
bvierra,6,perl
ilovetoeshoes,6,perl
jevus,6,perl
dgb75,6,perl
wschroed,6,perl
memorylane,6,perl
APEXLLC,6,perl
c_biscuit,6,perl
the_helpdesk,5,perl
insufficient_funds,5,perl
jondoe0103,5,perl
classicrockielzpfvh,5,perl
thebottonline,5,perl
bigmilu,5,perl
Midasx,5,perl
blackmagicwolfpack,5,perl
NotMrDrake,5,perl
hsfrey,5,perl
bspride,5,perl
ranveer5289,5,perl
statuek,5,perl
friedrice5005,5,perl
Brainfuck,5,perl
The-Sentinel,5,perl
neodon,5,perl
krism142,5,perl
1fbd52a7,5,perl
average-drifter,5,perl
art0rz,5,perl
CaptainFalafel,5,perl
clarutte,5,perl
knivesngunz,5,perl
Its738PM,5,perl
MegaDomo,4,perl
gurupr,4,perl
zvrba,4,perl
roadnottaken,4,perl
BaltimoreBears,4,perl
jonlemon,4,perl
jnrakk,4,perl
wafflepirate,4,perl
wtfhell,4,perl
booostedd,4,perl
krautspieler,4,perl
rubenvd,4,perl
RobEarl,4,perl
ketaminekid,4,perl
Gnippots,4,perl
Dreddy,4,perl
Unomagan,4,perl
programingfail,4,perl
clemdia,4,perl
Abraxas5,4,perl
wiredsheep,4,perl
darkpuff,3,perl
dooziest,3,perl
kingofpoptart,3,perl
josh6190,3,perl
b00mIR,3,perl
13_0_0_0_0,3,perl
ilion,3,perl
Evilution84,3,perl
TpyoKnig,3,perl
manipulate,3,perl
iXenocider,3,perl
crashorbit,3,perl
mrkurtz,3,perl
orlybg,3,perl
borick,3,perl
vivomancer,3,perl
looney_lookin_lad,3,perl
cww,3,perl
link23,3,perl
lindymad,3,perl
brianatlarge,3,perl
swamprich,2,perl
PearlDiverX,2,perl
bosticko,2,perl
visarga,2,perl
dinoperl,2,perl
IdoNotKnowShit,2,perl
drummondp,2,perl
mishagale,2,perl
shealyw2,2,perl
envinyater,2,perl
x1zr,2,perl
darkhelmet41290,2,perl
sctyluo,2,perl
elbitjusticiero,2,perl
whyoy,2,perl
zxo0oxz,2,perl
dgdriscoll,2,perl
strawlion,2,perl
hanekomu,2,perl
swankcr,2,perl
herdyderdy,2,perl
daniel14vt,1,perl
CUBRID,1,perl
th12eat,1,perl
chichifelipe,1,perl
vampirate,1,perl
init0,1,perl
ZackAttack007,1,perl
Zocheyado,1,perl
caribougig,1,perl
chorankates,1,perl
Akraz,1,perl
jimmy_frog,1,perl
LUCARiO,1,perl
SomeGuy09,1,perl
hookawitweed,1,perl
troytop,1,perl
songandsilence,1,perl
slimshady2002,1,perl
JRepin,1,perl
lancerlot,1,perl
shild,0,perl
numbski,0,perl
januszeal,0,perl
friedo4,0,perl
nbezzala,0,perl
_stillz_,0,perl
lakewood_mike,0,perl
WinningAllTheSports,0,perl
dizzysaurus,0,perl
sonofstjames,0,perl
danny20085,0,perl
qncqgj,0,perl
cacawate,0,perl
seriot,0,perl
beachdrinking,0,perl
Xuttuh,0,perl
LinuxStall,0,perl
rougegoat,0,perl
moses_the_red,0,perl
perl_hacker,0,perl
ether_reddit,0,perl
SportzTawk,0,perl
Pawnee,0,perl
Cheeknuts,0,perl
